{
    "name": "root",
    "gauges": {
        "Behav.Policy.Entropy.mean": {
            "value": 0.6915631294250488,
            "min": 0.6915631294250488,
            "max": 1.1224862337112427,
            "count": 10
        },
        "Behav.Policy.Entropy.sum": {
            "value": 6744.81494140625,
            "min": 6744.81494140625,
            "max": 12043.154296875,
            "count": 10
        },
        "Behav.Policy.ExtrinsicValueEstimate.mean": {
            "value": -0.009299220517277718,
            "min": -0.110967256128788,
            "max": 0.3012601137161255,
            "count": 10
        },
        "Behav.Policy.ExtrinsicValueEstimate.sum": {
            "value": -1.804048776626587,
            "min": -22.748287200927734,
            "max": 57.540679931640625,
            "count": 10
        },
        "Behav.Environment.EpisodeLength.mean": {
            "value": 152.859375,
            "min": 140.58666666666667,
            "max": 186.66,
            "count": 10
        },
        "Behav.Environment.EpisodeLength.sum": {
            "value": 9783.0,
            "min": 9333.0,
            "max": 10544.0,
            "count": 10
        },
        "Behav.Environment.CumulativeReward.mean": {
            "value": 0.0865538542660383,
            "min": -0.16462856163936002,
            "max": 0.27045312157133594,
            "count": 10
        },
        "Behav.Environment.CumulativeReward.sum": {
            "value": 5.62600052729249,
            "min": -11.523999314755201,
            "max": 17.3089997805655,
            "count": 10
        },
        "Behav.Policy.ExtrinsicReward.mean": {
            "value": 0.0865538542660383,
            "min": -0.16462856163936002,
            "max": 0.27045312157133594,
            "count": 10
        },
        "Behav.Policy.ExtrinsicReward.sum": {
            "value": 5.62600052729249,
            "min": -11.523999314755201,
            "max": 17.3089997805655,
            "count": 10
        },
        "Behav.Losses.PolicyLoss.mean": {
            "value": 0.25268033295336445,
            "min": 0.2434982639141828,
            "max": 0.25268033295336445,
            "count": 10
        },
        "Behav.Losses.PolicyLoss.sum": {
            "value": 2.5268033295336445,
            "min": 2.434982639141828,
            "max": 2.9826220243993165,
            "count": 10
        },
        "Behav.Losses.ValueLoss.mean": {
            "value": 0.07046102721989411,
            "min": 0.027055680259849106,
            "max": 0.1008175525143884,
            "count": 10
        },
        "Behav.Losses.ValueLoss.sum": {
            "value": 0.7046102721989411,
            "min": 0.2705568025984911,
            "max": 1.2098106301726608,
            "count": 10
        },
        "Behav.Policy.LearningRate.mean": {
            "value": 0.00027145068951643994,
            "min": 0.00027145068951643994,
            "max": 0.0002986062004645999,
            "count": 10
        },
        "Behav.Policy.LearningRate.sum": {
            "value": 0.0027145068951643994,
            "min": 0.0027145068951643994,
            "max": 0.0035832744055751993,
            "count": 10
        },
        "Behav.Policy.Epsilon.mean": {
            "value": 0.19048356000000005,
            "min": 0.19048356000000005,
            "max": 0.1995354,
            "count": 10
        },
        "Behav.Policy.Epsilon.sum": {
            "value": 1.9048356000000004,
            "min": 1.9048356000000004,
            "max": 2.3944248,
            "count": 10
        },
        "Behav.Policy.Beta.mean": {
            "value": 0.000453369444,
            "min": 0.000453369444,
            "max": 0.0004977234599999999,
            "count": 10
        },
        "Behav.Policy.Beta.sum": {
            "value": 0.0045336944399999995,
            "min": 0.0045336944399999995,
            "max": 0.005972681519999999,
            "count": 10
        },
        "Behav.Losses.PretrainingLoss.mean": {
            "value": 0.3108637512585448,
            "min": 0.3108637512585448,
            "max": 0.3536026503745469,
            "count": 10
        },
        "Behav.Losses.PretrainingLoss.sum": {
            "value": 3.108637512585448,
            "min": 3.108637512585448,
            "max": 4.243231804494563,
            "count": 10
        },
        "Behav.IsTraining.mean": {
            "value": 1.0,
            "min": 1.0,
            "max": 1.0,
            "count": 10
        },
        "Behav.IsTraining.sum": {
            "value": 1.0,
            "min": 1.0,
            "max": 1.0,
            "count": 10
        }
    },
    "metadata": {
        "timer_format_version": "0.1.0",
        "start_time_seconds": "1616621054",
        "python_version": "3.9.2 (tags/v3.9.2:1a79785, Feb 19 2021, 13:44:55) [MSC v.1928 64 bit (AMD64)]",
        "command_line_arguments": "C:\\Users\\bumbe\\Documents\\C_UniVerse\\AI\\CAR\\AI-Car\\venv\\Scripts\\mlagents-learn Config\\imitation_behav.yaml --run-id=Behavioural_SingleInstance",
        "mlagents_version": "0.25.0",
        "mlagents_envs_version": "0.25.0",
        "communication_protocol_version": "1.5.0",
        "pytorch_version": "1.7.1+cu110",
        "numpy_version": "1.20.1",
        "end_time_seconds": "1616623121"
    },
    "total": 2067.4935332,
    "count": 1,
    "self": 0.009877699999833567,
    "children": {
        "run_training.setup": {
            "total": 0.29267650000000067,
            "count": 1,
            "self": 0.29267650000000067
        },
        "TrainerController.start_learning": {
            "total": 2067.190979,
            "count": 1,
            "self": 4.786777900032575,
            "children": {
                "TrainerController._reset_env": {
                    "total": 59.0126713,
                    "count": 1,
                    "self": 57.9205188,
                    "children": {
                        "demo_to_buffer": {
                            "total": 1.0921524999999974,
                            "count": 1,
                            "self": 0.002961499999997841,
                            "children": {
                                "load_demonstration": {
                                    "total": 0.1742329000000069,
                                    "count": 1,
                                    "self": 0.17409960000000524,
                                    "children": {
                                        "read_file": {
                                            "total": 0.0001333000000016682,
                                            "count": 1,
                                            "self": 0.0001333000000016682
                                        }
                                    }
                                },
                                "make_demo_buffer": {
                                    "total": 0.9149580999999927,
                                    "count": 1,
                                    "self": 0.15914680000057047,
                                    "children": {
                                        "steps_from_proto": {
                                            "total": 0.7558112999994222,
                                            "count": 3030,
                                            "self": 0.5677599999993959,
                                            "children": {
                                                "_process_rank_one_or_two_observation": {
                                                    "total": 0.18805130000002634,
                                                    "count": 6060,