{
    "name": "root",
    "gauges": {
        "Combined.Policy.Entropy.mean": {
            "value": 0.8907550573348999,
            "min": 0.8564038276672363,
            "max": 1.2271361351013184,
            "count": 10
        },
        "Combined.Policy.Entropy.sum": {
            "value": 9003.751953125,
            "min": 7883.197265625,
            "max": 12623.548828125,
            "count": 10
        },
        "Combined.Policy.ExtrinsicValueEstimate.mean": {
            "value": 0.27099570631980896,
            "min": 0.04641437530517578,
            "max": 0.48766446113586426,
            "count": 10
        },
        "Combined.Policy.ExtrinsicValueEstimate.sum": {
            "value": 53.92814636230469,
            "min": 9.190046310424805,
            "max": 96.06990051269531,
            "count": 10
        },
        "Combined.Policy.GailValueEstimate.mean": {
            "value": 18.602779388427734,
            "min": 14.385441780090332,
            "max": 20.954578399658203,
            "count": 10
        },
        "Combined.Policy.GailValueEstimate.sum": {
            "value": 3701.953125,
            "min": 2848.3173828125,
            "max": 4128.0517578125,
            "count": 10
        },
        "Combined.Environment.EpisodeLength.mean": {
            "value": 160.0793650793651,
            "min": 127.3625,
            "max": 173.84745762711864,
            "count": 10
        },
        "Combined.Environment.EpisodeLength.sum": {
            "value": 10085.0,
            "min": 9282.0,
            "max": 10257.0,
            "count": 10
        },
        "Combined.Environment.CumulativeReward.mean": {
            "value": 0.3589516167919482,
            "min": -0.12316666094538493,
            "max": 0.6451613092494588,
            "count": 10
        },
        "Combined.Environment.CumulativeReward.sum": {
            "value": 22.255000241100788,
            "min": -9.606999553740025,
            "max": 40.000001173466444,
            "count": 10
        },
        "Combined.Policy.ExtrinsicReward.mean": {
            "value": 0.3589516167919482,
            "min": -0.12316666094538493,
            "max": 0.6451613092494588,
            "count": 10
        },
        "Combined.Policy.ExtrinsicReward.sum": {
            "value": 22.255000241100788,
            "min": -9.606999553740025,
            "max": 40.000001173466444,
            "count": 10
        },
        "Combined.Policy.GailReward.mean": {
            "value": 56.99760871981421,
            "min": 46.98722064609711,
            "max": 56.99760871981421,
            "count": 10
        },
        "Combined.Policy.GailReward.sum": {
            "value": 3533.851740628481,
            "min": 3090.9916563257575,
            "max": 3665.0032103955746,
            "count": 10
        },
        "Combined.Losses.PolicyLoss.mean": {
            "value": 0.24391870834377727,
            "min": 0.24291522218982992,
            "max": 0.2533799663690809,
            "count": 10
        },
        "Combined.Losses.PolicyLoss.sum": {
            "value": 2.4391870834377727,
            "min": 2.237876083814403,
            "max": 3.2871496161166625,
            "count": 10
        },
        "Combined.Losses.ValueLoss.mean": {
            "value": 9.655539939562292,
            "min": 7.597886103852028,
            "max": 17.194592362515355,
            "count": 10
        },
        "Combined.Losses.ValueLoss.sum": {
            "value": 96.55539939562293,
            "min": 72.8146660203444,
            "max": 223.52970071269962,
            "count": 10
        },
        "Combined.Policy.LearningRate.mean": {
            "value": 0.00027149874950041996,
            "min": 0.00027149874950041996,
            "max": 0.0002987630542584692,
            "count": 10
        },
        "Combined.Policy.LearningRate.sum": {
            "value": 0.0027149874950042,
            "min": 0.0024972549675816996,
            "max": 0.0038839197053600993,
            "count": 10
        },
        "Combined.Policy.Epsilon.mean": {
            "value": 0.19049958,
            "min": 0.19049958,
            "max": 0.19958768461538456,
            "count": 10
        },
        "Combined.Policy.Epsilon.sum": {
            "value": 1.9049958,
            "min": 1.7324183,
            "max": 2.5946398999999993,
            "count": 10
        },
        "Combined.Policy.Beta.mean": {
            "value": 0.0004534479419999999,
            "min": 0.0004534479419999999,
            "max": 0.0004979796546153846,
            "count": 10
        },
        "Combined.Policy.Beta.sum": {
            "value": 0.004534479419999999,
            "min": 0.00416884967,
            "max": 0.00647373551,
            "count": 10
        },
        "Combined.Policy.GAILPolicyEstimate.mean": {
            "value": 0.39365691164558203,
            "min": 0.36658594656658844,
            "max": 0.4229300378159008,
            "count": 10
        },
        "Combined.Policy.GAILPolicyEstimate.sum": {
            "value": 3.93656911645582,
            "min": 3.299273519099296,
            "max": 5.327227239407342,
            "count": 10
        },
        "Combined.Policy.GAILExpertEstimate.mean": {
            "value": 0.6171257458800012,
            "min": 0.5741535763089541,
            "max": 0.6367210929537844,
            "count": 10
        },
        "Combined.Policy.GAILExpertEstimate.sum": {
            "value": 6.171257458800012,
            "min": 5.73048983658406,
            "max": 7.4639964920164035,
            "count": 10
        },
        "Combined.Losses.GAILLoss.mean": {
            "value": 1.084691652125437,
            "min": 1.0203848367418256,
            "max": 1.1844731782846223,
            "count": 10
        },
        "Combined.Losses.GAILLoss.sum": {
            "value": 10.846916521254371,
            "min": 9.18346353067643,
            "max": 15.398151317700089,
            "count": 10
        },
        "Combined.Policy.GAILGradMagLoss.mean": {
            "value": 0.1859665847031004,
            "min": 0.1859665847031004,
            "max": 1.500542272607854,
            "count": 10
        },
        "Combined.Policy.GAILGradMagLoss.sum": {
            "value": 1.8596658470310041,
            "min": 1.8596658470310041,
            "max": 19.507049543902102,
            "count": 10
        },
        "Combined.Losses.PretrainingLoss.mean": {
            "value": 0.3192564915808095,
            "min": 0.3192564915808095,
            "max": 0.36585749550644253,
            "count": 10
        },
        "Combined.Losses.PretrainingLoss.sum": {
            "value": 3.1925649158080946,
            "min": 2.8876727191817686,
            "max": 4.756147441583753,
            "count": 10
        },
        "Combined.IsTraining.mean": {
            "value": 1.0,
            "min": 1.0,
            "max": 1.0,
            "count": 10
        },
        "Combined.IsTraining.sum": {
            "value": 1.0,
            "min": 1.0,
            "max": 1.0,
            "count": 10
        }
    },
    "metadata": {
        "timer_format_version": "0.1.0",
        "start_time_seconds": "1616631887",
        "python_version": "3.9.2 (tags/v3.9.2:1a79785, Feb 19 2021, 13:44:55) [MSC v.1928 64 bit (AMD64)]",
        "command_line_arguments": "C:\\Users\\bumbe\\Documents\\C_UniVerse\\AI\\CAR\\AI-Car\\venv\\Scripts\\mlagents-learn Config\\Combined.yaml --run-id=Combined_Single",
        "mlagents_version": "0.25.0",
        "mlagents_envs_version": "0.25.0",
        "communication_protocol_version": "1.5.0",
        "pytorch_version": "1.7.1+cu110",
        "numpy_version": "1.20.1",
        "end_time_seconds": "1616634549"
    },
    "total": 2661.5939864,
    "count": 1,
    "self": 0.014009700000315206,
    "children": {
        "run_training.setup": {
            "total": 0.1620408000000002,
            "count": 1,
            "self": 0.1620408000000002
        },